字段1_文本,字段1_链接,字段2,字段3,主治
一貫煎,https://sys02.lib.hkbu.edu.hk/cmfid/details.asp?query=&lang=cht&pageid=1&absolutePos=1&id=F00081,"
											北沙參; 麥冬; 當歸; 生地黃; 枸杞; 川楝子
											","
											滋陰疏肝。
											","
										
											
													
													肝腎陰虛，肝氣鬱滯證。胸脘脅痛，吞酸吐苦，咽乾口燥，舌紅少津，脈細弱或虛弦。亦治疝氣瘕聚。
													
												
												
											
										"
九仙散,https://sys02.lib.hkbu.edu.hk/cmfid/details.asp?query=&lang=cht&pageid=1&absolutePos=2&id=F00087,"
											人參; 款冬花; 桑白皮; 桔梗; 五味子; 阿膠; 烏梅; 貝母; 罌粟殼
											","
											斂肺止咳、益氣養陰。
											","
										
											
													
													久咳肺虛證。久咳不已，肺氣虛弱，咳甚則氣喘自汗，痰少而粘，脈虛數。
													
												
												
											
										"
九味羌活湯,https://sys02.lib.hkbu.edu.hk/cmfid/details.asp?query=&lang=cht&pageid=1&absolutePos=3&id=F00003,"
											羌活; 防風; 蒼朮; 細辛; 川芎; 香白芷; 生地黃; 黃芩; 甘草
											","
											發汗祛濕，兼清裏熱。
											","
										
											
													
													外感風寒濕邪，內有蘊熱證。惡寒發熱，無汗，頭痛項強，肢體酸楚疼痛，口苦微渴，舌苔白或微黃，脈浮或浮緊。
													
												
												
											
										"
二妙散,https://sys02.lib.hkbu.edu.hk/cmfid/details.asp?query=&lang=cht&pageid=1&absolutePos=4&id=F00154,"
											黃柏; 蒼朮
											","
											清熱燥濕。
											","
										
											
													
													濕熱下注證。筋骨疼痛，或兩足痿軟，或足膝紅腫疼痛，或濕熱帶下，或下部濕瘡、濕疹，小便短赤，舌苔黃膩者。
													
												
												
											
										"
二陳湯,https://sys02.lib.hkbu.edu.hk/cmfid/details.asp?query=&lang=cht&pageid=2&absolutePos=5&id=F00165,"
											半夏; 白茯苓; 橘紅; 炙甘草
											","
											燥濕化痰，理氣和中。
											","
										
											
													
													濕痰證。咳嗽痰多，色白易咯，噁心嘔吐，胸膈痞悶，肢體困重，或頭眩心悸，舌苔白滑或膩，脈滑。
													
												
												
											
										"
八正散,https://sys02.lib.hkbu.edu.hk/cmfid/details.asp?query=&lang=cht&pageid=2&absolutePos=6&id=F00149,"
											車前子; 瞿麥; 萹蓄; 滑石; 山梔子仁; 炙甘草; 木通; 大黃
											","
											清熱瀉火，利水通淋。
											","
										
											
													
													濕熱淋證。尿頻尿急，溺時澀痛，淋瀝不暢，尿色渾赤，甚則癃閉不通，小腹急滿，口燥咽乾，舌苔黃膩，脈滑數。
													
												
												
											
										"
八珍湯,https://sys02.lib.hkbu.edu.hk/cmfid/details.asp?query=&lang=cht&pageid=2&absolutePos=7&id=F00076,"
											人參; 白朮; 白茯苓; 當歸; 川芎; 白芍藥; 熟地黃; 炙甘草
											","
											益氣補血。
											","
										
											
													
													氣血兩虛證。面色蒼白或萎黃，頭暈耳眩，四肢倦怠，氣短懶言，心悸怔忡，飲食減少，舌淡苔薄白，脈細弱或虛大無力。
													
												
												
											
										"
十灰散,https://sys02.lib.hkbu.edu.hk/cmfid/details.asp?query=&lang=cht&pageid=2&absolutePos=8&id=F00123,"
											大薊; 小薊; 荷葉; 側柏葉; 茅根; 茜根; 山梔; 大黃; 牡丹皮; 棕櫚皮
											","
											涼血止血。
											","
										
											
													
													血熱妄行證。嘔血、吐血、咯血、嗽血、衄血，血色鮮紅，來勢急暴，舌紅，脈數。
													
												
												
											
										"
十棗湯,https://sys02.lib.hkbu.edu.hk/cmfid/details.asp?query=&lang=cht&pageid=3&absolutePos=9&id=F00024,"
											芫花; 甘遂; 大戟
											","
											攻逐水飲。
											","
										
											
													
													1. 懸飲。咳唾胸脅引痛，心下痞硬脹滿，乾嘔短氣，頭痛目眩，或胸背掣痛不得息，舌苔滑，脈沉弦。2. 水腫。一身悉腫，尤以身半以下為重，腹脹喘滿，二便不利。
													
												
												
											
										"
三子養親湯,https://sys02.lib.hkbu.edu.hk/cmfid/details.asp?query=&lang=cht&pageid=3&absolutePos=10&id=F00173,"
											紫蘇子; 白芥子; 萊菔子
											","
											降氣快膈，化痰消食。
											","
										
											
													
													痰壅氣逆食滯證。咳嗽喘逆，痰多胸痞，食少難消，舌苔白膩，脈滑。
													
												
												
											
										"
三仁湯,https://sys02.lib.hkbu.edu.hk/cmfid/details.asp?query=&lang=cht&pageid=3&absolutePos=11&id=F00150,"
											杏仁; 飛滑石; 白通草; 白蔻仁; 竹葉; 厚朴; 生薏苡仁; 半夏
											","
											宣暢氣機，清利濕熱。
											","
										
											
													
													濕溫初起及暑溫夾濕之濕重於熱證。頭痛惡寒，身重疼痛，肢體倦怠，面色淡黃，胸悶不饑，午後身熱，苔白不渴，脈弦細而濡。
													
												
												
											
										"
大定風珠,https://sys02.lib.hkbu.edu.hk/cmfid/details.asp?query=&lang=cht&pageid=3&absolutePos=12&id=F00137,"
											生白芍; 阿膠; 生龜板; 乾地黃; 麻仁; 五味子; 生牡蠣; 麥冬; 炙甘草; 雞子黃; 鱉甲
											","
											滋陰熄風。
											","
										
											
													
													陰虛風動證。手足瘈疭，形消神倦，舌絳少苔，脈氣虛弱，時時欲脫者。
													
												
												
											
										"
大承氣湯,https://sys02.lib.hkbu.edu.hk/cmfid/details.asp?query=&lang=cht&pageid=4&absolutePos=13&id=F00017,"
											大黃; 厚朴; 枳實; 芒硝
											","
											峻下熱結。
											","
										
											
													
													1. 陽明腑實證。大便不通，頻轉矢氣，脘腹痞滿，腹痛拒按，按之則硬，甚或潮熱譫語，手足濈然汗出，舌苔黃燥起刺，甚或焦黑燥裂，脈沉實。2. 熱結旁流證。下利清水，色純青，其氣臭穢，臍腹疼痛，按之堅硬有塊，口舌乾燥，脈滑實。3. 裏熱實證之熱厥、痙病或發狂等。
													
												
												
											
										"
大柴胡湯,https://sys02.lib.hkbu.edu.hk/cmfid/details.asp?query=&lang=cht&pageid=4&absolutePos=14&id=F00027,"
											柴胡; 黃芩; 芍藥; 半夏; 生薑; 枳實; 大棗; 大黃
											","
											和解少陽，內瀉熱結。
											","
										
											
													
													少陽陽明合病。往來寒熱，胸脅苦滿，嘔不止，鬱鬱微煩，心下痞硬，或心下滿痛，大便不解或協熱下利，舌苔黃，脈弦數有力。
													
												
												
											
										"
大秦艽湯,https://sys02.lib.hkbu.edu.hk/cmfid/details.asp?query=&lang=cht&pageid=4&absolutePos=15&id=F00129,"
											秦艽; 甘草; 川芎; 當歸; 白芍藥; 細辛; 川羌活; 防風; 黃芩; 石膏; 吳白芷; 白朮; 生地黃; 熟地黃; 白茯苓; 川獨活
											","
											疏風清熱，養血活血。
											","
										
											
													
													風邪初中經絡證。口眼斜，舌強不能言語，手足不能運動，或惡寒發熱，肢體攣急，苔白或黃，脈浮數或弦細。
													
												
												
											
										"
大陷胸湯,https://sys02.lib.hkbu.edu.hk/cmfid/details.asp?query=&lang=cht&pageid=4&absolutePos=16&id=F00019,"
											大黃; 芒硝; 甘遂
											","
											瀉熱逐水。
											","
										
											
													
													水熱互結之結胸。心下疼痛，拒按，按之硬，或從心下至少腹硬滿疼痛，手不可近。伴見短氣躁煩，大便秘結，舌上燥而渴，日晡小有潮熱，舌紅，苔黃膩或兼水滑，脈沉緊或沉遲有力。
													
												
												
											
										"
大黃牡丹湯,https://sys02.lib.hkbu.edu.hk/cmfid/details.asp?query=&lang=cht&pageid=5&absolutePos=17&id=F00018,"
											大黃; 牡丹; 桃仁; 冬瓜仁; 芒硝
											","
											瀉熱破瘀，散結消腫。
											","
										
											
													
													腸癰初起，濕熱瘀滯證。右少腹疼痛拒按，按之其痛如淋，甚則局部腫痞，或右足屈而不伸，伸則痛劇，小便自調，或時時發熱，自汗惡寒，舌苔薄膩而黃，脈滑數。
													
												
												
											
										"
大黃附子湯,https://sys02.lib.hkbu.edu.hk/cmfid/details.asp?query=&lang=cht&pageid=5&absolutePos=18&id=F00020,"
											大黃; 炮附子; 細辛
											","
											溫裏散寒，通便止痛。
											","
										
											
													
													寒積裏實證。腹痛便秘，脅下偏痛，發熱，手足厥冷，舌苔白膩，脈弦緊。
													
												
												
											
										"
大補陰丸,https://sys02.lib.hkbu.edu.hk/cmfid/details.asp?query=&lang=cht&pageid=5&absolutePos=19&id=F00080,"
											熟地黃; 龜版; 黃柏; 知母
											","
											滋陰降火。
											","
										
											
													
													陰虛火旺證。骨蒸潮熱，盜汗遺精，咳嗽咯血，心煩易怒，足膝疼熱，舌紅少苔，尺脈數而有力。
													
												
												
											
										"
小半夏湯,https://sys02.lib.hkbu.edu.hk/cmfid/details.asp?query=&lang=cht&pageid=5&absolutePos=20&id=F00111,"
											半夏; 生薑
											","
											化痰散飲，和胃降逆。
											","
										
											
													
													痰飲嘔吐。嘔吐痰涎，口不渴，或乾嘔呃逆，穀不得下，小便自利，舌苔白滑。
													
												
												
											
										"
小青龍湯,https://sys02.lib.hkbu.edu.hk/cmfid/details.asp?query=&lang=cht&pageid=6&absolutePos=21&id=F00005,"
											麻黃; 芍藥; 細辛; 乾薑; 甘草; 桂枝; 半夏; 五味子
											","
											解表散寒，溫肺化飲。
											","
										
											
													
													外寒裏飲證。惡寒，發熱，頭身疼痛，無汗，喘咳，痰涎清稀而量多，胸痞，或乾嘔，或痰飲喘咳，不得平臥，或身體疼重，頭面四肢浮腫，舌苔白滑，脈浮。
													
												
												
											
										"
小建中湯,https://sys02.lib.hkbu.edu.hk/cmfid/details.asp?query=&lang=cht&pageid=6&absolutePos=22&id=F00061,"
											桂枝; 甘草; 大棗; 芍藥; 生薑; 膠飴
											","
											溫中補虛，和裏緩急。
											","
										
											
													
													中焦虛寒，肝脾不和證。腹中拘急疼痛，喜溫喜按，神疲乏力，虛怯少氣；或心中悸動，虛煩不寧，面色無華；或伴四肢酸楚，手足煩熱，咽乾口燥；舌淡苔白，脈細弦。
													
												
												
											
										"
小活絡丹,https://sys02.lib.hkbu.edu.hk/cmfid/details.asp?query=&lang=cht&pageid=6&absolutePos=23&id=F00130,"
											炮川烏; 炮草烏; 地龍; 炮天南星; 乳香; 沒藥
											","
											祛風除濕，化痰通絡，活血止痛。
											","
										
											
													
													1. 風寒濕痹證。肢體筋脈疼痛，麻木拘攣，關節屈伸不利，疼痛遊走不定，舌淡紫，苔白，脈沉弦或澀。2. 中風之濕痰瘀血阻絡證。手足不仁，日久不愈，腰腿沉重，或腿臂間作痛等。
													
												
												
											
										"
小柴胡湯,https://sys02.lib.hkbu.edu.hk/cmfid/details.asp?query=&lang=cht&pageid=6&absolutePos=24&id=F00026,"
											柴胡; 黃芩; 人參; 甘草; 半夏; 生薑; 大棗
											","
											和解少陽。
											","
										
											
													
													1. 傷寒少陽證。往來寒熱，胸脅苦滿，默默不欲飲食，心煩喜嘔，口苦，咽乾，目眩，舌苔薄白，脈弦者。2. 熱入血室證。婦人中風，經水適斷，寒熱發作有時；以及瘧疾、黃疸等病而見少陽證者。
													
												
												
											
										"
小陷胸湯,https://sys02.lib.hkbu.edu.hk/cmfid/details.asp?query=&lang=cht&pageid=7&absolutePos=25&id=F00169,"
											黃連; 半夏; 瓜蔞實
											","
											清熱化痰，寬胸散結。
											","
										
											
													
													痰熱互結證。胸脘痞悶，按之則痛，或心胸悶痛，或咳痰黃稠，舌紅苔黃膩，脈滑數。
													
												
												
											
										"
小薊飲子,https://sys02.lib.hkbu.edu.hk/cmfid/details.asp?query=&lang=cht&pageid=7&absolutePos=26&id=F00125,"
											生地黃; 小薊; 滑石; 木通; 蒲黃; 藕節; 淡竹葉; 當歸; 山梔子; 甘草
											","
											涼血止血，利水通淋。
											","
										
											
													
													熱結下焦之血淋、尿血。尿中帶血，小便頻數，赤澀熱痛，舌紅，脈數。
													
												
												
											
										"
川芎茶調散,https://sys02.lib.hkbu.edu.hk/cmfid/details.asp?query=&lang=cht&pageid=7&absolutePos=27&id=F00128,"
											川芎; 荊芥; 白芷; 羌活; 甘草; 細辛; 防風; 薄荷葉
											","
											疏風止痛。
											","
										
											
													
													外感風邪頭痛。偏正頭痛，或巔頂作痛，目眩鼻塞，或惡風發熱，舌苔薄白，脈浮。
													
												
												
											
										"
五皮散,https://sys02.lib.hkbu.edu.hk/cmfid/details.asp?query=&lang=cht&pageid=7&absolutePos=28&id=F00158,"
											生薑皮; 桑白皮; 陳橘皮; 大腹皮; 茯苓皮
											","
											利水消腫，理氣健脾。
											","
										
											
													
													脾虛濕盛，氣滯水泛之皮水證。一身悉腫，肢體沉重，心腹脹滿，上氣喘急，小便不利，以及妊娠水腫，苔白膩，脈沉緩。
													
												
												
											
										"
五苓散,https://sys02.lib.hkbu.edu.hk/cmfid/details.asp?query=&lang=cht&pageid=8&absolutePos=29&id=F00155,"
											豬苓; 澤瀉; 白朮; 茯苓; 桂枝
											","
											利水滲濕，溫陽化氣。
											","
										
											
													
													膀胱氣化不利之蓄水證。小便不利，頭痛微熱，煩渴欲飲，甚則水入即吐；或臍下動悸，吐涎沫而頭目眩暈；或短氣而咳；或水腫、泄瀉，舌苔白，脈浮或浮數。
													
												
												
											
										"
六一散,https://sys02.lib.hkbu.edu.hk/cmfid/details.asp?query=&lang=cht&pageid=8&absolutePos=30&id=F00057,"
											滑石; 甘草
											","
											清暑利濕。
											","
										
											
													
													暑濕證。身熱煩渴，小便不利，或泄瀉。
													
												
												
											
										"
六味地黃丸,https://sys02.lib.hkbu.edu.hk/cmfid/details.asp?query=&lang=cht&pageid=8&absolutePos=31&id=F00078,"
											熟地黃; 山萸肉; 乾山藥; 澤瀉; 牡丹皮; 茯苓
											","
											滋補肝腎。
											","
										
											
													
													肝腎陰虛證。腰膝痠軟，頭暈目眩，耳鳴耳聾，盜汗，遺精，消渴，骨蒸潮熱，手足心熱，口燥咽乾，牙齒動搖，足跟作痛，小便淋瀝，以及小兒囟門不合，舌紅少苔，脈沉細數。
													
												
												
											
										"
升麻葛根湯,https://sys02.lib.hkbu.edu.hk/cmfid/details.asp?query=&lang=cht&pageid=8&absolutePos=32&id=F00012,"
											升麻; 芍藥; 甘草; 葛根
											","
											解肌透疹。
											","
										
											
													
													麻疹初起。疹發不出，身熱頭痛，咳嗽，目赤流淚，口渴，舌紅，苔薄而乾，脈浮數。
													
												
												
											
										"
天王補心丹,https://sys02.lib.hkbu.edu.hk/cmfid/details.asp?query=&lang=cht&pageid=9&absolutePos=33&id=F00096,"
											人參; 茯苓; 玄參; 丹參; 桔梗; 遠志; 當歸; 五味子; 麥門冬; 天門冬; 柏子仁; 酸棗仁; 生地黃
											","
											滋陰清熱，養血安神。
											","
										
											
													
													陰虛血少，神志不安證。心悸怔仲，虛煩失眠，神疲健忘，或夢遺，手足心熱，口舌生瘡，大便乾結，舌紅少苔，脈細數。
													
												
												
											
										"
天麻鉤藤飲,https://sys02.lib.hkbu.edu.hk/cmfid/details.asp?query=&lang=cht&pageid=9&absolutePos=34&id=F00136,"
											天麻; 鉤藤; 生決明; 山梔; 黃芩; 川牛膝; 杜仲; 益母草; 桑寄生; 夜交藤; 朱茯神
											","
											平肝熄風，清熱活血，補益肝腎。
											","
										
											
													
													肝陽偏亢，肝風上擾證。頭痛，眩暈，失眠多夢，或口苦面紅，舌紅苔黃，脈弦或數。
													
												
												
											
										"
天臺烏藥散,https://sys02.lib.hkbu.edu.hk/cmfid/details.asp?query=&lang=cht&pageid=9&absolutePos=35&id=F00107,"
											烏藥; 木香; 小茴香; 青皮; 高良薑; 檳榔; 川楝子; 巴豆
											","
											行氣疏肝，散寒止痛。
											","
										
											
													
													肝經寒凝氣滯之小腸疝氣。少腹引控睾丸而痛，偏墜腫脹，或少腹疼痛，舌淡苔白，脈沉遲或弦。亦治婦女痛經，瘕聚等屬寒凝氣滯者。
													
												
												
											
										"
止嗽散,https://sys02.lib.hkbu.edu.hk/cmfid/details.asp?query=&lang=cht&pageid=9&absolutePos=36&id=F00006,"
											桔梗; 荊芥; 紫菀; 百部; 白前; 甘草; 陳皮
											","
											宣利肺氣，疏風止咳。
											","
										
											
													
													風邪犯肺證。咳嗽咽癢，咯痰不爽，或微有惡風發熱，舌苔薄白，脈浮緩。
													
												
												
											
										"
仙方活命飲,https://sys02.lib.hkbu.edu.hk/cmfid/details.asp?query=&lang=cht&pageid=10&absolutePos=37&id=F00041,"
											白芷; 穿山甲; 甘草; 防風; 沒藥; 赤芍藥; 當歸梢; 乳香; 貝母; 天花粉; 皂角刺; 金銀花; 陳皮
											","
											清熱解毒，消腫潰堅，活血止痛。
											","
										
											
													
													陽證癰瘍腫毒初起。局部紅腫焮痛，或身熱凜寒，舌苔薄白或黃，脈數有力。
													
												
												
											
										"
加減葳蕤湯,https://sys02.lib.hkbu.edu.hk/cmfid/details.asp?query=&lang=cht&pageid=10&absolutePos=38&id=F00016,"
											玉竹; 蔥白; 桔梗; 東白薇; 淡豆豉; 蘇薄荷; 甘草; 紅棗
											","
											滋陰解表。
											","
										
											
													
													陰虛外感風熱證。頭痛身熱，微惡風寒，無汗或有汗不多，咳嗽，心煩，口渴，咽乾，舌紅，脈數。
													
												
												
											
										"
半夏白朮天麻湯,https://sys02.lib.hkbu.edu.hk/cmfid/details.asp?query=&lang=cht&pageid=10&absolutePos=39&id=F00174,"
											半夏; 天麻; 茯苓; 橘紅; 白朮; 甘草; 生薑
											","
											燥濕化痰，平肝息風。
											","
										
											
													
													風痰上擾證。眩暈，頭痛，胸膈痞悶，噁心嘔吐，舌苔白膩，脈弦滑。
													
												
												
											
										"
半夏厚朴湯,https://sys02.lib.hkbu.edu.hk/cmfid/details.asp?query=&lang=cht&pageid=10&absolutePos=40&id=F00104,"
											半夏; 厚朴; 茯苓; 生薑; 蘇葉
											","
											行氣散結，降逆化痰。
											","
										
											
													
													梅核氣。咽中如有物阻，咯吐不出，吞咽不下，胸膈滿悶，或咳或嘔，舌苔白潤或白滑，脈弦緩或弦滑。
													
												
												
											
										"
半夏瀉心湯,https://sys02.lib.hkbu.edu.hk/cmfid/details.asp?query=&lang=cht&pageid=11&absolutePos=41&id=F00033,"
											半夏; 黃芩; 乾薑; 人參; 黃連; 大棗; 甘草
											","
											寒熱平調，消痞散結。
											","
										
											
													
													寒熱互結之痞證。心下痞，但滿而不痛，或嘔吐，腸鳴下利，舌苔膩而微黃。
													
												
												
											
										"
右歸丸,https://sys02.lib.hkbu.edu.hk/cmfid/details.asp?query=&lang=cht&pageid=11&absolutePos=42&id=F00083,"
											熟地黃; 山藥; 山茱萸; 枸杞子; 菟絲子; 鹿角膠; 杜仲; 肉桂; 當歸; 制附子
											","
											溫補腎陽，填精益髓。
											","
										
											
													
													腎陽不足，命門火衰證。年老或久病氣衰神疲，畏寒肢冷，腰膝軟弱，陽痿遺精，或陽衰無子，或飲食減少，大便不實，或小便自遺，舌淡苔白，脈沉而遲。
													
												
												
											
										"
四君子湯,https://sys02.lib.hkbu.edu.hk/cmfid/details.asp?query=&lang=cht&pageid=11&absolutePos=43&id=F00067,"
											人參; 白朮; 茯苓; 炙甘草
											","
											益氣健脾。
											","
										
											
													
													脾胃氣虛證。面色萎白，語聲低微，氣短乏力，食少便溏，舌淡苔白，脈虛弱。
													
												
												
											
										"
四物湯,https://sys02.lib.hkbu.edu.hk/cmfid/details.asp?query=&lang=cht&pageid=11&absolutePos=44&id=F00073,"
											當歸; 川芎; 白芍; 熟地黃
											","
											補血調血。
											","
										
											
													
													營血虛滯證。頭暈目眩，心悸失眠，面色無華，婦人月經不調，量少或經閉不行，臍腹作痛，甚或瘕塊硬結，舌淡，口唇、爪甲色淡，脈細弦或細澀。
													
												
												
											
										"
四神丸,https://sys02.lib.hkbu.edu.hk/cmfid/details.asp?query=&lang=cht&pageid=12&absolutePos=45&id=F00089,"
											肉豆蔻; 補骨脂; 五味子; 吳茱萸; 生薑; 紅棗
											","
											溫脾暖腎，固腸止瀉。
											","
										
											
													
													脾腎陽虛之腎瀉。五更泄瀉，不思飲食，食不消化，或久瀉不愈，腹痛、腰痛肢冷、神疲乏力、舌質淡，苔薄白、脈沉遲無力。
													
												
												
											
										"
四逆散,https://sys02.lib.hkbu.edu.hk/cmfid/details.asp?query=&lang=cht&pageid=12&absolutePos=46&id=F00030,"
											炙甘草; 枳實; 柴胡; 芍藥
											","
											行氣解鬱，疏肝理脾。
											","
										
											
													
													1. 陽鬱厥逆證。手足不溫，或腹痛，或泄利下重，脈弦。2. 肝脾不和證。脅肋脹悶，脘腹疼痛，脈弦等。
													
												
												
											
										"
四逆湯,https://sys02.lib.hkbu.edu.hk/cmfid/details.asp?query=&lang=cht&pageid=12&absolutePos=47&id=F00063,"
											甘草; 乾薑; 附子
											","
											回陽救逆。
											","
										
											
													
													心腎陽虛寒厥證。四肢厥逆，惡寒踡臥，神衰欲寐，面色蒼白，腹痛下利，嘔吐不渴，舌苔白滑，脈微細。
													
												
												
											
										"
失笑散,https://sys02.lib.hkbu.edu.hk/cmfid/details.asp?query=&lang=cht&pageid=12&absolutePos=48&id=F00120,"
											五靈脂; 蒲黃
											","
											活血祛瘀，散結止痛。
											","
										
											
													
													瘀血停滯證。心腹刺痛，或產後惡露不行，或月經不調，少腹急痛等。
													
												
												
											
										"
左金丸,https://sys02.lib.hkbu.edu.hk/cmfid/details.asp?query=&lang=cht&pageid=13&absolutePos=49&id=F00044,"
											黃連; 吳茱萸
											","
											清瀉肝火，降逆止嘔。
											","
										
											
													
													肝火犯胃證。脅肋灼痛，嘔吐口苦，嘈雜吞酸，舌紅苔黃，脈弦數。
													
												
												
											
										"
左歸丸,https://sys02.lib.hkbu.edu.hk/cmfid/details.asp?query=&lang=cht&pageid=13&absolutePos=50&id=F00079,"
											熟地; 山藥; 枸杞; 山茱萸; 川牛膝; 鹿角膠; 菟絲子
											","
											滋陰補腎，填精益髓。
											","
										
											
													
													真陰不足證。頭暈目眩，腰痠腿軟，遺精滑泄，自汗盜汗，口燥舌乾，舌紅少苔，脈細。
													
												
												
											
										"
平胃散,https://sys02.lib.hkbu.edu.hk/cmfid/details.asp?query=&lang=cht&pageid=13&absolutePos=51&id=F00146,"
											蒼朮; 厚朴; 陳橘皮; 炙甘草
											","
											燥濕運脾，行氣和胃。
											","
										
											
													
													濕滯脾胃證。脘腹脹滿，不思飲食，口淡無味，噁心嘔吐，噯氣吞酸，肢體沉重，怠惰嗜臥，常多自利，舌苔白膩而厚，脈緩。
													
												
												
											
										"
正柴胡飲,https://sys02.lib.hkbu.edu.hk/cmfid/details.asp?query=&lang=cht&pageid=13&absolutePos=52&id=F00007,"
											柴胡; 防風; 陳皮; 芍藥; 甘草; 生薑
											","
											解表散寒。
											","
										
											
													
													外感風寒輕證。微惡風寒，發熱，無汗，頭痛，身痛，舌苔薄白，脈浮。
													
												
												
											
										"
玉女煎,https://sys02.lib.hkbu.edu.hk/cmfid/details.asp?query=&lang=cht&pageid=14&absolutePos=53&id=F00048,"
											石膏; 熟地; 麥冬; 知母; 牛膝
											","
											清胃熱，滋腎陰。
											","
										
											
													
													胃熱陰虛證。牙痛，頭痛，齒松甚或牙衄，煩熱乾渴，舌紅苔黃而乾。亦治消渴，消穀善饑等。
													
												
												
											
										"
玉屏風散,https://sys02.lib.hkbu.edu.hk/cmfid/details.asp?query=&lang=cht&pageid=14&absolutePos=54&id=F00071,"
											防風; 黃芪; 白朮
											","
											益氣固表止汗。
											","
										
											
													
													表虛自汗。汗出惡風，面色白光白，舌淡苔薄白，脈浮虛。亦治虛人腠理不固，易感風邪。
													
												
												
											
										"
玉真散,https://sys02.lib.hkbu.edu.hk/cmfid/details.asp?query=&lang=cht&pageid=14&absolutePos=55&id=F00132,"
											南星; 防風; 白芷; 天麻; 羌活; 白附子
											","
											祛風化痰，止痙定搐。
											","
										
											
													
													破傷風。牙關緊急，口撮唇緊，身體強直，角弓反張，甚則咬牙縮舌，脈弦緊。
													
												
												
											
										"
瓜蒂散,https://sys02.lib.hkbu.edu.hk/cmfid/details.asp?query=&lang=cht&pageid=14&absolutePos=56&id=F00182,"
											瓜蒂; 赤小豆
											","
											湧吐痰涎宿食。
											","
										
											
													
													痰涎宿食，壅滯胸脘證。胸中痞硬，懊憹不安，欲吐不出，氣上沖咽喉不得息，寸脈微浮者。
													
												
												
											
										"
甘露消毒丹,https://sys02.lib.hkbu.edu.hk/cmfid/details.asp?query=&lang=cht&pageid=15&absolutePos=57&id=F00151,"
											飛滑石; 淡黃芩; 綿茵陳; 石菖蒲; 川貝母; 木通; 藿香; 連翹; 白蔻仁; 薄荷; 射干
											","
											利濕化濁，清熱解毒。
											","
										
											
													
													濕溫時疫，邪在氣分，濕熱並重證。發熱倦怠，胸悶腹脹，肢酸咽痛，身目發黃，頤腫口渴，小便短赤，泄瀉淋濁，舌苔白或厚膩或乾黃，脈濡數或滑數。
													
												
												
											
										"
生化湯,https://sys02.lib.hkbu.edu.hk/cmfid/details.asp?query=&lang=cht&pageid=15&absolutePos=58&id=F00119,"
											當歸; 川芎; 桃仁; 乾薑炮; 炙甘草
											","
											養血袪瘀，溫經止痛。
											","
										
											
													
													血虛寒凝，瘀血阻滯證。產後惡露不行，小腹冷痛。
													
												
												
											
										"
生脈散,https://sys02.lib.hkbu.edu.hk/cmfid/details.asp?query=&lang=cht&pageid=15&absolutePos=59&id=F00070,"
											人參; 麥門冬; 五味子
											","
											益氣生津，斂陰止汗。
											","
										
											
													
													1. 溫熱、暑熱，耗氣傷陰證。汗多神疲，體倦乏力，氣短懶言，咽乾口渴，舌乾紅少苔，脈虛數。2. 久咳傷肺，氣陰兩虛證。乾咳少痰，短氣自汗，口乾舌燥，脈虛細。
													
												
												
											
										"
白虎湯,https://sys02.lib.hkbu.edu.hk/cmfid/details.asp?query=&lang=cht&pageid=15&absolutePos=60&id=F00034,"
											石膏; 知母; 甘草; 粳米
											","
											清熱生津。
											","
										
											
													
													氣分熱盛證。壯熱面赤，煩渴引飲，汗出惡熱，脈洪大有力。
													
												
												
											
										"
白頭翁湯,https://sys02.lib.hkbu.edu.hk/cmfid/details.asp?query=&lang=cht&pageid=16&absolutePos=61&id=F00051,"
											白頭翁; 黃柏; 黃連; 秦皮
											","
											清熱解毒，涼血止痢。
											","
										
											
													
													熱毒血痢。下痢鮮豔膿血，腹痛，裏急後重，肛門灼熱，渴欲飲水，舌紅苔黃，脈滑數。
													
												
												
											
										"
回陽救急湯,https://sys02.lib.hkbu.edu.hk/cmfid/details.asp?query=&lang=cht&pageid=16&absolutePos=62&id=F00064,"
											熟附子; 乾薑; 人參; 炙甘草; 白朮炒; 肉桂; 陳皮; 五味子; 茯苓; 半夏制
											","
											回陽固脫，益氣生脈。
											","
										
											
													
													寒邪直中三陰，真陽衰微證。四肢厥冷，神衰欲寐，惡寒踡臥，吐瀉腹痛，口不渴，甚則身寒戰慄，或指甲口唇青紫，或吐涎沫，舌淡苔白，脈沉微，甚或無脈。
													
												
												
											
										"
地黃飲子,https://sys02.lib.hkbu.edu.hk/cmfid/details.asp?query=&lang=cht&pageid=16&absolutePos=63&id=F00084,"
											熟地黃; 巴戟天; 山茱萸; 石斛; 肉蓯蓉; 炮附子; 五味子; 官桂; 白茯苓; 麥門冬; 菖蒲; 遠志
											","
											滋腎陰，補腎陽，開竅化痰。
											","
										
											
													
													下元虛衰，痰濁上泛之喑痱證。舌強不能言，足廢不能用，口乾不欲飲，足冷面赤，脈沉細弱。
													
												
												
											
										"
安宮牛黃丸,https://sys02.lib.hkbu.edu.hk/cmfid/details.asp?query=&lang=cht&pageid=16&absolutePos=64&id=F00098,"
											牛黃; 郁金; 黃連; 朱砂; 山梔; 雄黃; 黃芩; 犀角; 冰片; 麝香; 珍珠
											","
											清熱解毒，開竅醒神。
											","
										
											
													
													邪熱內陷心包證。高熱煩躁，神昏譫語，舌謇肢厥，舌紅或絳，脈數有力。亦治中風昏迷，小兒驚厥，屬邪熱內閉者。
													
												
												
											
										"
朱砂安神丸,https://sys02.lib.hkbu.edu.hk/cmfid/details.asp?query=&lang=cht&pageid=17&absolutePos=65&id=F00095,"
											朱砂; 黃連; 炙甘草; 生地黃; 當歸
											","
											鎮心安神，清熱養血。
											","
										
											
													
													心火亢盛，陰血不足證。失眠多夢，驚悸怔忡，心煩神亂，或胸中懊憹，舌尖紅，脈細數。
													
												
												
											
										"
百合固金湯,https://sys02.lib.hkbu.edu.hk/cmfid/details.asp?query=&lang=cht&pageid=17&absolutePos=66&id=F00145,"
											熟地; 生地; 當歸; 白芍; 甘草; 桔梗; 玄參; 貝母; 麥冬; 百合
											","
											滋養肺腎，止咳化痰。
											","
										
											
													
													肺腎陰虧，虛火上炎證。咳嗽氣喘，痰中帶血，咽喉燥痛，頭暈目眩，午後潮熱，舌紅少苔，脈細數。
													
												
												
											
										"
竹葉石膏湯,https://sys02.lib.hkbu.edu.hk/cmfid/details.asp?query=&lang=cht&pageid=17&absolutePos=67&id=F00035,"
											竹葉; 石膏; 半夏; 麥門冬; 人參; 甘草; 粳米
											","
											清熱生津，益氣和胃。
											","
										
											
													
													傷寒、溫病、暑病餘熱未清，氣津兩傷證。身熱多汗，心胸煩悶，氣逆欲嘔，口乾喜飲，神疲少氣，咽乾唇燥，不思飲食，或咳嗆，或虛煩不寐，舌紅苔少，脈虛數。
													
												
												
											
										"
至寶丹,https://sys02.lib.hkbu.edu.hk/cmfid/details.asp?query=&lang=cht&pageid=17&absolutePos=68&id=F00100,"
											犀角; 朱砂; 雄黃; 生玳瑁; 琥珀; 牛黃; 麝香; 冰片; 安息香
											","
											化濁開竅，清熱解毒。
											","
										
											
													
													痰熱內閉心包證。神昏譫語，身熱煩躁，痰盛氣粗，舌紅苔黃垢膩，脈滑數，以及中風、中暑、小兒驚厥屬於痰熱內閉者。
													
												
												
											
										"
血府逐瘀湯,https://sys02.lib.hkbu.edu.hk/cmfid/details.asp?query=&lang=cht&pageid=18&absolutePos=69&id=F00115,"
											桃仁; 紅花; 當歸; 生地黃; 川芎; 赤芍; 牛膝; 桔梗; 柴胡; 枳殼; 甘草
											","
											活血化瘀，行氣止痛。
											","
										
											
													
													胸中血瘀證。胸痛，頭痛，日久不愈，痛如針刺而有定處或呃逆日久不止，或飲水即嗆，乾嘔，或內熱瞀悶，或心悸怔忡失眠多夢，急躁易怒，入暮潮熱，唇暗或兩目暗黑，舌質黯紅，或舌有瘀斑、或瘀點，脈澀或弦緊。
													
												
												
											
										"
吳茱萸湯,https://sys02.lib.hkbu.edu.hk/cmfid/details.asp?query=&lang=cht&pageid=18&absolutePos=70&id=F00062,"
											吳茱萸; 人參; 生薑; 大棗
											","
											溫中補虛，降逆止嘔。
											","
										
											
													
													肝胃虛寒，濁陰上逆證。食後泛泛欲嘔，或嘔吐酸水，或乾嘔，或吐清涎冷沫，胸滿脘痛，巔頂頭痛，畏寒肢涼，甚則伴手足逆冷，大便泄瀉，煩躁不寧，舌淡苔白滑，脈沉弦或遲。
													
												
												
											
										"
完帶湯,https://sys02.lib.hkbu.edu.hk/cmfid/details.asp?query=&lang=cht&pageid=18&absolutePos=71&id=F00072,"
											白朮; 山藥; 人參; 白芍; 車前子; 蒼朮; 甘草; 陳皮; 黑芥穗; 柴胡
											","
											補脾疏肝，化濕止帶。
											","
										
											
													
													脾虛肝鬱，濕濁帶下。帶下色白，清稀如涕，面色白光白，倦怠便溏，舌淡苔白，脈緩或濡弱。
													
												
												
											
										"
杏蘇散,https://sys02.lib.hkbu.edu.hk/cmfid/details.asp?query=&lang=cht&pageid=18&absolutePos=72&id=F00138,"
											蘇葉; 半夏; 茯苓; 前胡; 苦桔梗; 枳殼; 甘草; 生薑; 大棗; 杏仁; 橘皮
											","
											輕宣涼燥，理肺化痰。
											","
										
											
													
													外感涼燥證。惡寒無汗，頭微痛，咳嗽痰稀，鼻塞，咽乾，苔白，脈弦。
													
												
												
											
										"
牡蠣散,https://sys02.lib.hkbu.edu.hk/cmfid/details.asp?query=&lang=cht&pageid=19&absolutePos=73&id=F00086,"
											黃芪; 麻黃根; 牡蠣米; 小麥
											","
											斂陰止汗，益氣固表。
											","
										
											
													
													體虛自汗，盜汗證。常自汗出，夜臥更甚，心悸驚惕，短氣煩倦，舌淡紅，脈細弱。
													
												
												
											
										"
芍藥湯,https://sys02.lib.hkbu.edu.hk/cmfid/details.asp?query=&lang=cht&pageid=19&absolutePos=74&id=F00050,"
											芍藥; 當歸; 黃連; 檳榔; 木香; 甘草; 大黃; 黃芩; 官桂
											","
											清腸燥濕，調氣和血。
											","
										
											
													
													濕熱痢疾。痢下赤白相兼，腹痛，裏急後重，肛門灼熱，小便短赤，舌苔黃膩，脈弦數。
													
												
												
											
										"
貝母瓜蔞散,https://sys02.lib.hkbu.edu.hk/cmfid/details.asp?query=&lang=cht&pageid=19&absolutePos=75&id=F00171,"
											貝母; 瓜蔞; 茯苓; 橘紅; 花粉; 桔梗
											","
											潤肺清熱，理氣化痰。
											","
										
											
													
													燥痰咳嗽。咳嗽嗆急，咯痰不爽，澀而難出，咽喉乾燥，苔白而乾。
													
												
												
											
										"
防己黃芪湯,https://sys02.lib.hkbu.edu.hk/cmfid/details.asp?query=&lang=cht&pageid=19&absolutePos=76&id=F00157,"
											防已; 黃芪; 甘草; 白朮
											","
											益氣祛風，健脾利水。
											","
										
											
													
													表虛不固之風水或風濕證。汗出惡風，身重微腫，或肢節疼痛，小便不利，舌淡苔白，脈浮。
													
												
												
											
										"
固沖湯,https://sys02.lib.hkbu.edu.hk/cmfid/details.asp?query=&lang=cht&pageid=20&absolutePos=77&id=F00092,"
											白朮; 生黃芪; 龍骨; 牡蠣; 山茱萸; 生白芍; 海螵蛸; 茜草; 棕邊炭; 五倍子
											","
											益氣健脾，固沖攝血。
											","
										
											
													
													脾腎虧虛，沖脈不固證。血崩或漏下不止，或月經過多，色淡質稀、頭暈肢冷，心悸氣短，神疲乏力，腰膝酸軟，舌淡，脈微弱。
													
												
												
											
										"
固經丸,https://sys02.lib.hkbu.edu.hk/cmfid/details.asp?query=&lang=cht&pageid=20&absolutePos=78&id=F00093,"
											黃芩; 白芍; 龜板; 黃柏; 椿樹根皮; 香附
											","
											滋陰清熱，固經止血。
											","
										
											
													
													陰虛血熱之崩漏。月經過多，或崩中漏下，血色深紅或紫黑稠粘，手足心熱，腰膝酸軟，舌紅，脈弦數。
													
												
												
											
										"
定喘湯,https://sys02.lib.hkbu.edu.hk/cmfid/details.asp?query=&lang=cht&pageid=20&absolutePos=79&id=F00110,"
											白果; 麻黃; 蘇子; 甘草; 款冬花; 杏仁; 桑白皮; 黃芩; 法制半夏
											","
											宣降肺氣，清熱化痰。
											","
										
											
													
													痰熱蘊肺之哮喘。哮喘咳嗽，痰多氣急，痰稠色黃，或微惡風寒，舌苔黃膩，脈滑數。
													
												
												
											
										"
定癇丸,https://sys02.lib.hkbu.edu.hk/cmfid/details.asp?query=&lang=cht&pageid=20&absolutePos=80&id=F00175,"
											明天麻; 僵蠶; 川貝母; 全蠍; 半夏; 茯苓; 茯神; 陳皮; 遠志; 石菖蒲; 膽南星; 丹參; 麥冬; 琥珀; 辰砂
											","
											滌痰熄風。
											","
										
											
													
													風痰蘊熱之癇病。忽然發作，眩仆倒地，目晴上視，口吐白沫，喉中痰鳴，叫喊作聲，甚或手足抽搐，舌苔白膩微黃，脈弦滑略數。亦可用於癲狂。
													
												
												
											
										"
易黃湯,https://sys02.lib.hkbu.edu.hk/cmfid/details.asp?query=&lang=cht&pageid=21&absolutePos=81&id=F00094,"
											山藥; 芡實; 黃柏; 車前子; 白果
											","
											固腎止帶，清熱祛濕。
											","
										
											
													
													濕熱帶下。帶下稠粘量多，色黃如濃茶汁，其氣腥穢，舌紅，苔黃膩。
													
												
												
											
										"
炙甘草湯,https://sys02.lib.hkbu.edu.hk/cmfid/details.asp?query=&lang=cht&pageid=21&absolutePos=82&id=F00077,"
											甘草; 生薑; 桂枝; 人參; 生地黃; 阿膠; 麥門冬; 麻仁; 大棗
											","
											益氣滋陰，通陽復脈。
											","
										
											
													
													1. 陰血陽氣虛弱，心脈失養證。脈結代，心動悸，虛羸少氣，舌光少苔，或質乾而瘦小者。2. 虛勞肺痿。乾咳無痰，或咳吐涎沫，量少，形瘦短氣，虛煩不眠，自汗盜汗，咽乾舌燥，大便乾結，脈虛數。
													
												
												
											
										"
羌活勝濕湯,https://sys02.lib.hkbu.edu.hk/cmfid/details.asp?query=&lang=cht&pageid=21&absolutePos=83&id=F00163,"
											羌活; 獨活; 槁本; 防風; 炙甘草; 蔓荊子; 川芎
											","
											祛風，勝濕，止痛。
											","
										
											
													
													風濕在表之痹證。肩背痛不可回顧，頭痛身重，或腰脊疼痛，難以轉側，苔白，脈浮。
													
												
												
											
										"
金鈴子散,https://sys02.lib.hkbu.edu.hk/cmfid/details.asp?query=&lang=cht&pageid=21&absolutePos=84&id=F00105,"
											金鈴子; 玄胡
											","
											疏肝泄熱，活血止痛。
											","
										
											
													
													肝鬱化火證。胸腹脅肋諸痛，時發時止，口苦，或痛經，或疝氣痛，舌紅苔黃，脈弦數。
													
												
												
											
										"
金鎖固精丸,https://sys02.lib.hkbu.edu.hk/cmfid/details.asp?query=&lang=cht&pageid=22&absolutePos=85&id=F00090,"
											沙苑蒺藜; 芡實; 蓮須; 龍骨; 牡蠣
											","
											澀精補腎。
											","
										
											
													
													腎虛不固之遺精。遺精滑泄，神疲乏力、腰痛耳鳴、舌淡苔白、脈細弱。
													
												
												
											
										"
青蒿鱉甲湯,https://sys02.lib.hkbu.edu.hk/cmfid/details.asp?query=&lang=cht&pageid=22&absolutePos=86&id=F00052,"
											青蒿; 鱉甲; 生地; 知母; 丹皮
											","
											養陰透熱。
											","
										
											
													
													陰傷邪伏證。夜熱早涼，熱退無汗，舌紅苔少，脈細數。
													
												
												
											
										"
保和丸,https://sys02.lib.hkbu.edu.hk/cmfid/details.asp?query=&lang=cht&pageid=22&absolutePos=87&id=F00176,"
											山楂; 神曲; 半夏; 茯苓; 陳皮; 連翹; 萊菔子
											","
											消食和胃。
											","
										
											
													
													食滯胃脘證。脘腹痞滿脹痛，噯腐吞酸，惡食嘔吐，或大便泄瀉，舌苔厚膩，脈滑。
													
												
												
											
										"
厚朴溫中湯,https://sys02.lib.hkbu.edu.hk/cmfid/details.asp?query=&lang=cht&pageid=22&absolutePos=88&id=F00106,"
											厚朴; 陳皮; 炙甘草; 茯苓; 草豆蔻; 木香; 乾薑
											","
											行氣除滿，溫中燥濕。
											","
										
											
													
													脾胃寒濕氣滯證。脘腹脹滿，或疼痛，不思飲食，四肢倦怠，舌苔白膩，脈沉弦。
													
												
												
											
										"
咳血方,https://sys02.lib.hkbu.edu.hk/cmfid/details.asp?query=&lang=cht&pageid=23&absolutePos=89&id=F00124,"
											青黛; 瓜蔞仁; 海粉; 山梔子; 訶子
											","
											清肝寧肺，涼血止血。
											","
										
											
													
													肝火犯肺之咳血證。咳嗽痰稠帶血，咯吐不爽，心煩易怒，胸脅作痛，咽乾口苦，頰赤便秘，舌紅苔黃，脈弦數。
													
												
												
											
										"
苓甘五味薑辛湯,https://sys02.lib.hkbu.edu.hk/cmfid/details.asp?query=&lang=cht&pageid=23&absolutePos=90&id=F00172,"
											茯苓; 甘草; 乾薑; 細辛; 五味子
											","
											溫肺化飲。
											","
										
											
													
													寒飲咳嗽。咳痰量多，清稀色白，或喜唾涎沫，胸滿不舒，舌苔白滑，脈弦滑。
													
												
												
											
										"
苓桂朮甘湯,https://sys02.lib.hkbu.edu.hk/cmfid/details.asp?query=&lang=cht&pageid=23&absolutePos=91&id=F00159,"
											茯苓; 桂枝; 白朮; 炙甘草
											","
											溫陽化飲，健脾利濕。
											","
										
											
													
													中陽不足之痰飲。胸脅支滿，目眩心悸，短氣而咳，舌苔白滑，脈弦滑或沉緊。
													
												
												
											
										"
香蘇散,https://sys02.lib.hkbu.edu.hk/cmfid/details.asp?query=&lang=cht&pageid=23&absolutePos=92&id=F00004,"
											香附子; 紫蘇葉; 甘草; 陳皮
											","
											疏散風寒，理氣和中。
											","
										
											
													
													外感風寒，氣鬱不舒證。惡寒身熱，頭痛無汗，胸脘痞悶，不思飲食，舌苔薄白，脈浮。
													
												
												
											
										"
香薷散,https://sys02.lib.hkbu.edu.hk/cmfid/details.asp?query=&lang=cht&pageid=24&absolutePos=93&id=F00056,"
											香薷; 白扁豆; 厚朴
											","
											祛暑解表，化濕和中。
											","
										
											
													
													陰暑。惡寒發熱，頭重身痛，無汗，腹痛吐瀉，胸脘痞悶，舌苔白膩，脈浮。
													
												
												
											
										"
桂枝湯,https://sys02.lib.hkbu.edu.hk/cmfid/details.asp?query=&lang=cht&pageid=24&absolutePos=94&id=F00002,"
											桂枝; 芍藥; 甘草; 生薑; 大棗
											","
											解肌發表，調和營衛。
											","
										
											
													
													外感風寒表虛證。惡風發熱，汗出，頭痛，鼻鳴乾嘔，苔白不渴，脈浮緩或浮弱者。
													
												
												
											
										"
桂枝茯苓丸,https://sys02.lib.hkbu.edu.hk/cmfid/details.asp?query=&lang=cht&pageid=24&absolutePos=95&id=F00121,"
											桂枝; 茯苓; 丹皮; 桃仁; 芍藥
											","
											活血化瘀，緩消癥塊。
											","
										
											
													
													瘀阻胞宮證。婦人素有癥塊，妊娠漏下不止，或胎動不安，血色紫黑晦暗，腹痛拒按，或經閉腹痛，或產後惡露不盡而腹痛拒按者，舌質紫黯或有瘀點，脈沉澀。
													
												
												
											
										"
桂苓甘露飲,https://sys02.lib.hkbu.edu.hk/cmfid/details.asp?query=&lang=cht&pageid=24&absolutePos=96&id=F00058,"
											茯苓; 炙甘草; 白朮; 澤瀉; 官桂; 石膏; 寒水石; 滑石; 豬苓
											","
											清暑解熱，化氣利濕。
											","
										
											
													
													暑濕證。發熱頭痛，煩渴引飲，小便不利，及霍亂吐下。
													
												
												
											
										"
桑杏湯,https://sys02.lib.hkbu.edu.hk/cmfid/details.asp?query=&lang=cht&pageid=25&absolutePos=97&id=F00139,"
											桑葉; 杏仁; 沙參; 象貝; 香豉; 梔皮; 梨皮
											","
											清宣溫燥，潤肺化痰。
											","
										
											
													
													外感溫燥證。身熱不甚，口渴，咽乾鼻燥，乾咳無痰，或痰少而粘，舌紅，苔薄白而乾，脈浮數而右脈大者。
													
												
												
											
										"
桑菊飲,https://sys02.lib.hkbu.edu.hk/cmfid/details.asp?query=&lang=cht&pageid=25&absolutePos=98&id=F00009,"
											桑葉; 菊花; 杏仁; 連翹; 薄荷; 苦桔梗; 甘草; 蘆根
											","
											疏風清熱，宣肺止咳。
											","
										
											
													
													風溫初起，表熱輕證。但咳，身熱不甚，口微渴，脈浮數。
													
												
												
											
										"
桑螵蛸散,https://sys02.lib.hkbu.edu.hk/cmfid/details.asp?query=&lang=cht&pageid=25&absolutePos=99&id=F00091,"
											桑螵蛸; 遠志; 菖蒲; 龍骨; 人參; 茯神; 當歸; 龜甲
											","
											調補心腎，固精止遺。
											","
										
											
													
													心腎兩虛證。症見小便頻數，或尿如米泔水，或遺尿滑精、心神恍惚、健忘、舌淡苔白、脈細弱。
													
												
												
											
										"
柴葛解肌湯,https://sys02.lib.hkbu.edu.hk/cmfid/details.asp?query=&lang=cht&pageid=25&absolutePos=100&id=F00011,"
											柴胡; 乾葛; 甘草; 黃芩; 羌活; 白芷; 芍藥; 桔梗; 石膏
											","
											解肌清熱。
											","
										
											
													
													外感風寒，鬱而化熱證。惡寒漸輕，身熱增盛，無汗頭痛，目疼鼻乾，心煩不眠，咽乾耳聾，眼眶痛，舌苔薄黃，脈浮微洪。
													
												
												
											
										"
桃核承氣湯,https://sys02.lib.hkbu.edu.hk/cmfid/details.asp?query=&lang=cht&pageid=26&absolutePos=101&id=F00114,"
											桃仁; 大黃; 桂枝; 炙甘草; 芒硝
											","
											破血下瘀。
											","
										
											
													
													下焦蓄血證。少腹急結，小便自利，甚則譫語煩躁，神志如狂，至夜發熱；以及血瘀經閉，痛經，脈沉實而澀者。
													
												
												
											
										"
消風散,https://sys02.lib.hkbu.edu.hk/cmfid/details.asp?query=&lang=cht&pageid=26&absolutePos=102&id=F00133,"
											當歸; 生地; 防風; 蟬蛻; 知母; 苦參; 胡麻; 荊芥; 蒼朮; 牛蒡子; 石膏; 甘草; 木通
											","
											疏風除濕，清熱養血。
											","
										
											
													
													風疹、濕疹。皮膚瘙癢，疹出色紅，或遍身雲片斑點，抓破後滲出津水，苔白或黃，脈浮數。
													
												
												
											
										"
烏梅丸,https://sys02.lib.hkbu.edu.hk/cmfid/details.asp?query=&lang=cht&pageid=26&absolutePos=103&id=F00181,"
											烏梅; 細辛; 乾薑; 黃連; 當歸; 附子; 蜀椒; 桂枝; 人參; 黃柏
											","
											安蛔止痛。
											","
										
											
													
													蛔厥證。脘腹陣痛，煩悶嘔吐，時發時止，得食則吐，甚則吐蛔，手足厥冷，或久瀉久痢。
													
												
												
											
										"
益胃湯,https://sys02.lib.hkbu.edu.hk/cmfid/details.asp?query=&lang=cht&pageid=26&absolutePos=104&id=F00143,"
											沙參; 麥冬; 冰糖; 細生地; 玉竹
											","
											養陰益胃。
											","
										
											
													
													胃陰損傷證。胃脘灼熱隱痛，饑不欲食，口乾咽燥，大便乾結，舌紅少苔，脈細數者。
													
												
												
											
										"
真人養臟湯,https://sys02.lib.hkbu.edu.hk/cmfid/details.asp?query=&lang=cht&pageid=27&absolutePos=105&id=F00088,"
											人參; 當歸; 白朮; 肉豆蔻; 肉桂; 炙甘草; 白芍藥; 木香; 訶子; 罌粟殼
											","
											澀腸固脫，溫補脾腎。
											","
										
											
													
													久瀉久痢，脾腎虛寒證。大便滑脫不禁，瀉痢無度，腹痛喜按、喜溫，倦怠食少，不思飲食，舌質淡苔白，脈沉遲或遲細。
													
												
												
											
										"
真武湯,https://sys02.lib.hkbu.edu.hk/cmfid/details.asp?query=&lang=cht&pageid=27&absolutePos=106&id=F00160,"
											茯苓; 芍藥; 白朮; 生薑; 附子
											","
											溫陽利水。
											","
										
											
													
													陽虛水泛證。畏寒肢厥，小便不利，心下悸動不寧，頭目眩暈，身體筋肉瞤動，站立不穩，四肢沉重疼痛，浮腫，腰以下為甚；或腹痛，泄瀉；或咳喘嘔逆。舌質淡胖，邊有齒痕，舌苔白滑，脈沉細。
													
												
												
											
										"
茵陳蒿湯,https://sys02.lib.hkbu.edu.hk/cmfid/details.asp?query=&lang=cht&pageid=27&absolutePos=107&id=F00148,"
											茵陳; 梔子; 大黃
											","
											清熱，利濕，退黃。
											","
										
											
													
													濕熱黃疸。一身面目俱黃，黃色鮮明，發熱，無汗或但頭汗出，口渴欲飲，噁心嘔吐，腹微滿，小便短赤，大便不爽或秘結，舌紅苔黃膩，脈沉數或滑數有力。
													
												
												
											
										"
健脾丸,https://sys02.lib.hkbu.edu.hk/cmfid/details.asp?query=&lang=cht&pageid=27&absolutePos=108&id=F00178,"
											白朮; 木香; 黃連; 甘草; 白茯苓; 人參; 神曲; 陳皮; 砂仁; 麥芽; 山楂; 山藥; 肉豆蔻
											","
											健脾和胃，消食止瀉。
											","
										
											
													
													脾虛食積證。食少難消，脘腹痞悶，大便溏薄，苔膩微黃，脈象虛弱。
													
												
												
											
										"
參苓白朮散,https://sys02.lib.hkbu.edu.hk/cmfid/details.asp?query=&lang=cht&pageid=28&absolutePos=109&id=F00068,"
											蓮子; 薏苡仁; 縮砂仁; 桔梗; 白扁豆; 人參; 白茯苓; 甘草; 白朮; 山藥
											","
											益氣健脾，滲濕止瀉。
											","
										
											
													
													脾虛濕盛證。飲食不化，胸脘痞悶，腸鳴泄瀉，四肢乏力，形體消瘦，面色萎黃，舌淡苔白膩，脈虛緩。
													
												
												
											
										"
參蘇飲,https://sys02.lib.hkbu.edu.hk/cmfid/details.asp?query=&lang=cht&pageid=28&absolutePos=110&id=F00014,"
											人參; 紫蘇葉; 乾葛; 半夏; 前胡; 茯苓; 枳殼; 桔梗; 木香; 陳皮; 甘草
											","
											益氣解表，理氣化痰。
											","
										
											
													
													氣虛外感風寒，內有痰濕證。惡寒發熱，無汗，頭痛，鼻塞，咳嗽痰白，胸脘滿悶，倦怠無力，氣短懶言，舌苔白，脈弱。
													
												
												
											
										"
敗毒散,https://sys02.lib.hkbu.edu.hk/cmfid/details.asp?query=&lang=cht&pageid=28&absolutePos=111&id=F00013,"
											柴胡; 前胡; 川芎; 枳殼; 羌活; 獨活; 茯苓; 桔梗; 人參; 甘草
											","
											散寒祛濕，益氣解表。
											","
										
											
													
													氣虛外感風寒濕表證。憎寒壯熱，頭項強痛，肢體痛，無汗，鼻塞聲重，咳嗽有痰，胸膈痞滿，舌淡苔白，脈浮而按之無力。
													
												
												
											
										"
旋覆代赭湯,https://sys02.lib.hkbu.edu.hk/cmfid/details.asp?query=&lang=cht&pageid=28&absolutePos=112&id=F00112,"
											旋覆花; 人參; 生薑; 代赭石; 炙甘草; 半夏; 大棗
											","
											降逆化痰，益氣和胃。
											","
										
											
													
													胃氣虛弱，痰濁內阻證。心下痞鞕，噫氣不除，或反胃嘔逆，吐涎沫，舌淡，苔白滑，脈弦而虛。
													
												
												
											
										"
涼膈散,https://sys02.lib.hkbu.edu.hk/cmfid/details.asp?query=&lang=cht&pageid=29&absolutePos=113&id=F00039,"
											大黃; 朴硝; 炙甘草; 梔子; 薄荷; 黃芩; 連翹
											","
											瀉火通便，清上泄下。
											","
										
											
													
													上、中二焦邪鬱生熱證。胸膈煩熱、面赤唇焦、煩躁口渴，口舌生瘡、睡臥不寧、譫語狂妄，或咽痛吐衄、便秘溲赤，或大便不暢，舌紅苔黃，脈滑數。
													
												
												
											
										"
清胃散,https://sys02.lib.hkbu.edu.hk/cmfid/details.asp?query=&lang=cht&pageid=29&absolutePos=114&id=F00047,"
											生地黃; 當歸身; 牡丹皮; 黃連; 升麻
											","
											清胃涼血。
											","
										
											
													
													胃火牙痛。牙痛牽引頭疼，其齒喜冷惡熱，口氣熱臭，或有面頰發熱、口乾舌燥，甚或牙宣出血，或牙齦紅腫潰爛，或唇舌腮頰腫痛，舌紅苔黃，脈滑數。
													
												
												
											
										"
清氣化痰丸,https://sys02.lib.hkbu.edu.hk/cmfid/details.asp?query=&lang=cht&pageid=29&absolutePos=115&id=F00168,"
											瓜蔞仁; 枳實; 陳皮; 茯苓; 黃芩; 膽南星; 杏仁; 制半夏
											","
											清熱化痰，理氣止咳。
											","
										
											
													
													痰熱咳嗽。咳嗽氣喘，咯痰黃稠，胸膈痞悶，甚則氣急嘔惡，煩躁不寧，舌質紅，苔黃膩，脈滑數。
													
												
												
											
										"
清骨散,https://sys02.lib.hkbu.edu.hk/cmfid/details.asp?query=&lang=cht&pageid=29&absolutePos=116&id=F00053,"
											銀柴胡; 胡黃連; 秦艽; 鱉甲; 地骨皮; 青蒿; 知母; 甘草
											","
											清虛熱，退骨蒸。
											","
										
											
													
													肝腎陰虛，虛火內擾證。骨蒸潮熱，或低熱日久不退，形體消瘦，唇紅顴赤，困倦盜汗，或口渴心煩，舌紅少苔，脈細數等。
													
												
												
											
										"
清暑益氣湯,https://sys02.lib.hkbu.edu.hk/cmfid/details.asp?query=&lang=cht&pageid=30&absolutePos=117&id=F00059,"
											西洋參; 石斛; 麥冬; 黃連; 竹葉; 荷梗; 知母; 甘草; 粳米; 西瓜翠衣
											","
											清暑益氣，養陰生津。
											","
										
											
													
													暑熱氣津兩傷證。身熱汗多，口渴心煩，小便短赤，體倦少氣，精神不振，脈虛數。
													
												
												
											
										"
清絡飲,https://sys02.lib.hkbu.edu.hk/cmfid/details.asp?query=&lang=cht&pageid=30&absolutePos=118&id=F00055,"
											鮮荷葉邊; 鮮銀花; 絲瓜皮; 西瓜翠衣; 鮮扁豆花; 鮮竹葉心
											","
											祛暑清熱。
											","
										
											
													
													暑傷肺經氣分輕證。身熱口渴不甚，頭目不清，昏眩微脹，舌淡紅，苔薄白。
													
												
												
											
										"
清營湯,https://sys02.lib.hkbu.edu.hk/cmfid/details.asp?query=&lang=cht&pageid=30&absolutePos=119&id=F00036,"
											犀角(水牛角); 生地黃; 元參; 竹葉心; 麥冬; 丹參; 黃連; 銀花; 連翹
											","
											清營解毒，透熱養陰。
											","
										
											
													
													熱入營分證。身熱夜甚，神煩少寐，時有譫語，口渴或不渴，或斑疹隱隱，舌絳而乾，脈細數。
													
												
												
											
										"
清燥救肺湯,https://sys02.lib.hkbu.edu.hk/cmfid/details.asp?query=&lang=cht&pageid=30&absolutePos=120&id=F00140,"
											桑葉; 石膏; 甘草; 人參; 胡麻仁; 真阿膠; 麥門冬; 杏仁; 枇杷葉
											","
											清燥潤肺，養陰益氣。
											","
										
											
													
													溫燥傷肺，氣陰兩傷證。身熱頭痛，乾咳無痰，氣逆而喘，咽喉乾燥，鼻燥，心煩口渴，胸滿脅痛，舌乾少苔，脈虛大而數。
													
												
												
											
										"
牽正散,https://sys02.lib.hkbu.edu.hk/cmfid/details.asp?query=&lang=cht&pageid=31&absolutePos=121&id=F00131,"
											白附子; 白僵蠶; 全蠍
											","
											祛風化痰，通絡止痙。
											","
										
											
													
													風中頭面經絡。口眼斜，或面肌抽動，舌淡紅，苔白。
													
												
												
											
										"
理中丸,https://sys02.lib.hkbu.edu.hk/cmfid/details.asp?query=&lang=cht&pageid=31&absolutePos=122&id=F00060,"
											人參; 乾薑; 炙甘草; 白朮
											","
											溫中祛寒，補氣健脾。
											","
										
											
													
													1. 脾胃虛寒證。脘腹綿綿作痛，喜溫喜按，嘔吐，大便稀溏，脘痞食少，畏寒肢冷，口不渴，舌淡苔白潤，脈沉細或沉遲無力。2. 脾陽虛失血證。便血、吐血、衄血或崩漏等，血色暗淡，質清稀。3. 脾胃虛寒所致的胸痹，兼見胸脘痞滿，逆氣上沖心胸；或病後多涎唾；或小兒慢驚等。
													
												
												
											
										"
羚角鉤藤湯,https://sys02.lib.hkbu.edu.hk/cmfid/details.asp?query=&lang=cht&pageid=31&absolutePos=123&id=F00134,"
											羚角片; 霜桑葉; 京貝母; 鮮生地; 雙鉤藤; 滁菊花; 茯神木; 生白芍; 生甘草; 淡竹茹
											","
											涼肝熄風，增液舒筋。
											","
										
											
													
													熱盛動風證。高熱不退，煩悶躁擾，手足抽搐，發為痙厥，甚則神昏，舌絳而乾，或舌焦起刺，脈弦而數。
													
												
												
											
										"
逍遙散,https://sys02.lib.hkbu.edu.hk/cmfid/details.asp?query=&lang=cht&pageid=31&absolutePos=124&id=F00031,"
											炙甘草; 當歸; 茯苓; 白芍藥; 白朮; 柴胡
											","
											疏肝解鬱，養血健脾。
											","
										
											
													
													肝鬱血虛脾弱證。兩脅作痛，頭痛目眩，口燥咽乾，神疲食少，或月經不調，乳房脹痛，脈弦而虛者。
													
												
												
											
										"
連朴飲,https://sys02.lib.hkbu.edu.hk/cmfid/details.asp?query=&lang=cht&pageid=32&absolutePos=125&id=F00152,"
											制厚朴; 川連; 石菖蒲; 制半夏; 香豉; 焦梔; 蘆根
											","
											清熱化濕，理氣和中。
											","
										
											
													
													濕熱霍亂。上吐下瀉，胸脘痞悶，心煩躁擾，小便短赤，舌苔黃膩，脈滑數。
													
												
												
											
										"
麥門冬湯,https://sys02.lib.hkbu.edu.hk/cmfid/details.asp?query=&lang=cht&pageid=32&absolutePos=126&id=F00142,"
											麥門冬; 半夏; 人參; 甘草; 粳米; 大棗
											","
											清養肺胃，降逆下氣。
											","
										
											
													
													1. 虛熱肺痿。咳嗽氣喘，咽喉不利，咯痰不爽，或咳吐涎沫，口乾咽燥，手足心熱，舌紅少苔，脈虛數。2. 胃陰不足證。嘔吐，納少，呃逆，口渴咽乾，舌紅少苔，脈虛數。
													
												
												
											
										"
麻子仁丸 (脾約丸) ,https://sys02.lib.hkbu.edu.hk/cmfid/details.asp?query=&lang=cht&pageid=32&absolutePos=127&id=F00022,"
											麻子仁; 芍藥; 枳實; 大黃; 厚朴; 杏仁
											","
											潤腸泄熱，行氣通便。
											","
										
											
													
													胃腸燥熱，“脾約”便秘證。大便乾結，小便頻數，舌紅，苔微黃少津，脈數。
													
												
												
											
										"
麻黃杏仁甘草石膏湯,https://sys02.lib.hkbu.edu.hk/cmfid/details.asp?query=&lang=cht&pageid=32&absolutePos=128&id=F00010,"
											麻黃; 杏仁; 甘草; 石膏
											","
											辛涼疏表，清肺平喘。
											","
										
											
													
													外感風邪，邪熱壅肺證。身熱不解，咳逆氣急，甚則鼻煽，口渴，有汗或無汗，舌苔薄白或黃，脈浮而數者。
													
												
												
											
										"
麻黃細辛附子湯,https://sys02.lib.hkbu.edu.hk/cmfid/details.asp?query=&lang=cht&pageid=33&absolutePos=129&id=F00015,"
											麻黃; 附子; 細辛
											","
											助陽解表。
											","
										
											
													
													1. 素體陽虛，外感風寒證。發熱，惡寒甚劇，雖厚衣重被，其寒不解，神疲欲寐，脈沉微。2. 暴啞。突發聲音嘶啞，甚至失音不語，或咽喉疼痛，惡寒，發熱，神疲欲寐，舌淡苔白，脈沉無力。
													
												
												
											
										"
麻黃湯,https://sys02.lib.hkbu.edu.hk/cmfid/details.asp?query=&lang=cht&pageid=33&absolutePos=130&id=F00001,"
											麻黃; 桂枝; 杏仁; 甘草
											","
											發汗解表，宣肺平喘。
											","
										
											
													
													外感風寒表實證。惡寒發熱，頭疼身痛，無汗而喘，舌苔薄白，脈浮緊。
													
												
												
											
										"
復元活血湯,https://sys02.lib.hkbu.edu.hk/cmfid/details.asp?query=&lang=cht&pageid=33&absolutePos=131&id=F00117,"
											柴胡; 瓜蔞根; 當歸; 紅花; 甘草; 穿山甲; 大黃; 桃仁
											","
											活血祛瘀，疏肝通絡。
											","
										
											
													
													跌打損傷，瘀血阻滯證。瘀阻脅下，痛不可忍。
													
												
												
											
										"
普濟消毒飲,https://sys02.lib.hkbu.edu.hk/cmfid/details.asp?query=&lang=cht&pageid=33&absolutePos=132&id=F00040,"
											黃芩; 黃; 陳皮; 甘草; 玄參; 柴胡; 桔梗; 連翹; 板藍根; 馬勃; 牛蒡子; 薄荷; 僵蠶; 升麻
											","
											清熱解毒，散風消腫。
											","
										
											
													
													大頭瘟。頭面紅腫焮痛，目不能開，咽喉疼痛，惡寒發熱，舌燥口渴，舌紅苔黃，脈數有力。
													
												
												
											
										"
犀角地黃湯,https://sys02.lib.hkbu.edu.hk/cmfid/details.asp?query=&lang=cht&pageid=34&absolutePos=133&id=F00037,"
											犀角(水牛角); 生地黃; 芍藥; 牡丹皮
											","
											清熱解毒，涼血散瘀。
											","
										
											
													
													熱入血分證。1. 熱擾心神，身熱譫語，舌絳起刺，脈細數。2. 熱傷血絡，斑色紫黑、吐血、衄血、便血、尿血等，舌紅絳，脈數。3. 蓄血瘀熱，喜忘如狂，漱水不欲咽，大便色黑易解。
													
												
												
											
										"
痛瀉要方,https://sys02.lib.hkbu.edu.hk/cmfid/details.asp?query=&lang=cht&pageid=34&absolutePos=134&id=F00032,"
											白朮; 白芍藥; 陳皮; 防風
											","
											補脾柔肝，祛濕止瀉。
											","
										
											
													
													脾虛肝旺之痛瀉。腸鳴腹痛，大便泄瀉，瀉必腹痛，瀉後痛緩，舌苔薄白，脈兩關不調，左弦而右緩者。
													
												
												
											
										"
紫雪丹,https://sys02.lib.hkbu.edu.hk/cmfid/details.asp?query=&lang=cht&pageid=34&absolutePos=135&id=F00099,"
											石膏; 寒水石; 滑石; 磁石; 犀角; 羚羊角; 沉香; 木香; 玄參; 升麻; 炙甘草; 丁香
											","
											清熱開竅，熄風止痙。
											","
										
											
													
													熱邪內陷心包，熱盛動風證。高熱煩燥，神昏譫語，痙厥，口渴引飲，唇焦齒燥，尿赤便秘，舌紅絳，苔乾黃，脈數有力或弦，以及小兒熱盛驚厥。
													
												
												
											
										"
腎氣丸,https://sys02.lib.hkbu.edu.hk/cmfid/details.asp?query=&lang=cht&pageid=34&absolutePos=136&id=F00082,"
											乾地黃; 山藥; 山茱萸; 澤瀉; 茯苓; 牡丹皮; 桂枝; 炮附子
											","
											補腎助陽。
											","
										
											
													
													腎陽不足證。腰痛腳軟，身半以下常有冷感，少腹拘急，小便不利，或小便反多，入夜尤甚，陽痿早洩，舌淡而胖，脈虛弱，尺部沉細，以及痰飲，水腫，消渴，腳氣，轉胞等。
													
												
												
											
										"
越鞠丸,https://sys02.lib.hkbu.edu.hk/cmfid/details.asp?query=&lang=cht&pageid=35&absolutePos=137&id=F00102,"
											香附; 川芎; 蒼朮; 梔子; 神曲
											","
											行氣解鬱。
											","
										
											
													
													六鬱證。胸膈痞悶，脘腹脹滿或疼痛，噯腐吞酸，噁心嘔吐，飲食不消。
													
												
												
											
										"
陽和湯,https://sys02.lib.hkbu.edu.hk/cmfid/details.asp?query=&lang=cht&pageid=35&absolutePos=138&id=F00066,"
											熟地黃; 麻黃; 鹿角膠; 白芥子; 肉桂; 生甘草; 炮薑炭
											","
											溫陽補血，散寒通滯。
											","
										
											
													
													陰疽。如貼骨疽、脫疽、流注、痰核、鶴膝風等屬陰寒證者。症見患處漫腫無頭，皮色不變，酸痛無熱，口中不渴，舌淡苔白，脈沉細或遲細。
													
												
												
											
										"
黃土湯,https://sys02.lib.hkbu.edu.hk/cmfid/details.asp?query=&lang=cht&pageid=35&absolutePos=139&id=F00127,"
											甘草; 乾地黃; 白朮; 附子; 阿膠; 黃芩; 灶心黃土
											","
											溫陽健脾，養血止血。
											","
										
											
													
													脾陽不足，脾不統血證。大便下血，先便後血，以及吐血、衄血、婦人崩漏，血色暗淡，四肢不溫，面色萎黃，舌淡苔白，脈沉細無力。
													
												
												
											
										"
黃連解毒湯,https://sys02.lib.hkbu.edu.hk/cmfid/details.asp?query=&lang=cht&pageid=35&absolutePos=140&id=F00038,"
											黃連; 黃芩; 黃柏; 梔子
											","
											瀉火解毒。
											","
										
											
													
													三焦火毒證。大熱煩躁、錯語不眠、口燥咽乾，小便黃赤，熱病吐血、衄血、熱甚發斑，身熱下痢，疫毒黃疸，外科癰瘍疔毒，舌紅苔黃，脈數有力。
													
												
												
											
										"
黃龍湯,https://sys02.lib.hkbu.edu.hk/cmfid/details.asp?query=&lang=cht&pageid=36&absolutePos=141&id=F00025,"
											大黃; 芒硝; 枳實; 厚朴; 當歸; 人參; 甘草
											","
											攻下通便，補氣養血。
											","
										
											
													
													陽明腑實，氣血不足證。自利清水，色純青，或大便秘結，脘腹脹滿，腹痛拒按，譫語，身熱口渴，神疲少氣，譫語，甚則循衣摸床，撮空理線，神昏肢厥，舌苔焦黃或焦黑，脈虛。
													
												
												
											
										"
暖肝煎,https://sys02.lib.hkbu.edu.hk/cmfid/details.asp?query=&lang=cht&pageid=36&absolutePos=142&id=F00108,"
											當歸; 枸杞子; 茯苓; 小茴香; 肉桂; 烏藥; 沉香或木香
											","
											溫補肝腎，行氣止痛。
											","
										
											
													
													肝腎不足，寒滯肝脈證。睾丸冷痛，或小腹疼痛，畏寒喜暖，舌淡苔白，脈沉遲。
													
												
												
											
										"
溫脾湯,https://sys02.lib.hkbu.edu.hk/cmfid/details.asp?query=&lang=cht&pageid=36&absolutePos=143&id=F00021,"
											大黃; 當歸; 乾薑; 附子; 人參; 芒硝; 甘草
											","
											攻下冷積，溫補脾陽。
											","
										
											
													
													陽虛寒積證。腹痛便秘，臍下絞結，繞臍不止，手足不溫，苔白不渴，脈沉弦而遲。
													
												
												
											
										"
溫經湯,https://sys02.lib.hkbu.edu.hk/cmfid/details.asp?query=&lang=cht&pageid=36&absolutePos=144&id=F00118,"
											吳茱萸; 當歸; 芍藥; 川芎; 人參; 桂枝; 阿膠; 牡丹皮; 生薑; 甘草; 半夏; 麥冬
											","
											溫經散寒，祛瘀養血。
											","
										
											
													
													沖任虛寒，瘀血阻滯證。漏下不止，或血色黯而有塊，淋漓不暢，月經不調，超前延後，或逾期不止，或一月再行，或經停不至，而見傍晚發熱，手心煩熱，唇口乾燥，少腹裏急，腹滿。舌質黯紅，脈細而澀。亦治婦人宮冷，久不受孕。
													
												
												
											
										"
溫膽湯,https://sys02.lib.hkbu.edu.hk/cmfid/details.asp?query=&lang=cht&pageid=37&absolutePos=145&id=F00166,"
											半夏; 竹茹; 陳皮; 枳實; 茯苓; 炙甘草; 生薑; 大棗
											","
											理氣化痰，和胃利膽。
											","
										
											
													
													膽鬱痰擾證。膽怯易驚，頭眩心悸，心煩不眠，夜多異夢。或嘔惡呃逆，眩暈，癲癇，苔白膩，脈弦滑。
													
												
												
											
										"
當歸六黃湯,https://sys02.lib.hkbu.edu.hk/cmfid/details.asp?query=&lang=cht&pageid=37&absolutePos=146&id=F00054,"
											當歸; 生地黃; 黃芩; 黃柏; 黃連; 熟地黃; 黃芪
											","
											滋陰瀉火，固表止汗。
											","
										
											
													
													陰虛火旺之盜汗。發熱盜汗，面赤心煩，口乾唇燥，大便乾結，小便黃赤，舌紅苔黃，脈數。
													
												
												
											
										"
當歸四逆湯,https://sys02.lib.hkbu.edu.hk/cmfid/details.asp?query=&lang=cht&pageid=37&absolutePos=147&id=F00065,"
											當歸; 桂枝; 芍藥; 細辛; 甘草; 通草; 大棗
											","
											溫經散寒，養血通脈。
											","
										
											
													
													血虛寒厥證。手足厥寒，或腰、股、腿、足、肩臂疼痛，口不渴，舌淡苔白，脈沉細或細而欲絕。
													
												
												
											
										"
當歸拈痛湯,https://sys02.lib.hkbu.edu.hk/cmfid/details.asp?query=&lang=cht&pageid=37&absolutePos=148&id=F00153,"
											羌活; 防風; 升麻; 葛根; 白朮; 蒼朮; 當歸; 人參; 甘草; 苦參; 黃芩; 知母; 茵陳; 豬苓; 澤瀉
											","
											利濕清熱，疏風止痛。
											","
										
											
													
													濕熱相搏，外受風邪證。遍身肢節煩痛，或肩背沉重，或腳氣腫痛，腳膝生瘡，舌苔白膩微黃，脈弦數。
													
												
												
											
										"
當歸補血湯,https://sys02.lib.hkbu.edu.hk/cmfid/details.asp?query=&lang=cht&pageid=38&absolutePos=149&id=F00074,"
											黃芪; 當歸
											","
											補氣生血。
											","
										
											
													
													血虛陽浮發熱證。肌熱面紅，煩渴欲飲，脈洪大而虛，重按無力，亦治婦人經期、產後血虛發熱頭痛，或瘡瘍潰後，久不癒合者。
													
												
												
											
										"
葦莖湯,https://sys02.lib.hkbu.edu.hk/cmfid/details.asp?query=&lang=cht&pageid=38&absolutePos=150&id=F00045,"
											葦莖; 薏苡仁; 瓜瓣; 桃仁
											","
											清肺化痰，逐瘀散結。
											","
										
											
													
													肺癰，熱毒雍滯，痰瘀互結證。身有微熱、咳嗽痰多，甚則咳吐腥臭膿血，胸中隱隱作痛，舌紅苔黃膩，脈滑數。
													
												
												
											
										"
葛花解酲湯,https://sys02.lib.hkbu.edu.hk/cmfid/details.asp?query=&lang=cht&pageid=38&absolutePos=151&id=F00180,"
											木香; 人參; 豬苓; 白茯苓; 橘皮; 白朮; 乾薑; 神曲; 澤瀉; 青皮; 縮砂仁; 白豆蔻仁; 葛花
											","
											分消酒濕，理氣健脾。
											","
										
											
													
													酒積傷脾證。眩暈嘔吐，胸膈痞悶，食少體倦，小便不利，大便泄瀉，舌苔膩，脈滑。
													
												
												
											
										"
葛根黃芩黃黄連湯,https://sys02.lib.hkbu.edu.hk/cmfid/details.asp?query=&lang=cht&pageid=38&absolutePos=152&id=F00049,"
											葛根; 甘草; 黃芩; 黃連
											","
											解表清裏。
											","
										
											
													
													協熱下利。身熱下利，臭穢稠粘，肛門灼熱，喘而汗出，胸脘煩熱，口乾作渴，小便黃赤，舌紅苔黃，脈數。
													
												
												
											
										"
補中益氣湯,https://sys02.lib.hkbu.edu.hk/cmfid/details.asp?query=&lang=cht&pageid=39&absolutePos=153&id=F00069,"
											黃芪; 炙甘草; 人參; 當歸; 橘皮; 升麻; 柴胡; 白朮
											","
											補中益氣，升陽舉陷。
											","
										
											
													
													1. 脾虛氣陷證。飲食減少，體倦肢軟，少氣懶言，面色萎黃，大便稀溏，舌淡，脈虛以及脫肛、子宮脫垂、久瀉、久痢、崩漏等。2. 氣虛發熱證。身熱，自汗，渴喜熱飲，氣短乏力，舌淡，脈虛大無力。
													
												
												
											
										"
補陽還五湯,https://sys02.lib.hkbu.edu.hk/cmfid/details.asp?query=&lang=cht&pageid=39&absolutePos=154&id=F00116,"
											黃芪; 當歸; 赤芍; 地龍; 川芎; 紅花; 桃仁
											","
											補氣，活血，通絡。
											","
										
											
													
													中風，氣虛血瘀證。半身不遂，口眼渦斜，語言蹇澀，口角流涎，小便頻數或遺尿失禁，舌黯淡，苔白，脈緩無力。
													
												
												
											
										"
達原飲,https://sys02.lib.hkbu.edu.hk/cmfid/details.asp?query=&lang=cht&pageid=39&absolutePos=155&id=F00029,"
											檳榔; 厚朴; 草果仁; 知母; 芍藥; 黃芩; 甘草
											","
											開達膜原，辟穢化濁。
											","
										
											
													
													瘟疫或瘧疾，邪伏膜原證。憎寒壯熱，或一日三次，或一日一次，發無定時，胸悶嘔惡，頭痛煩躁，脈弦數，舌邊深紅，舌苔垢膩，或苔白厚如積粉。
													
												
												
											
										"
實脾散,https://sys02.lib.hkbu.edu.hk/cmfid/details.asp?query=&lang=cht&pageid=39&absolutePos=156&id=F00161,"
											厚朴; 白朮; 木瓜; 木香; 草果仁; 大腹子; 炮附子; 白茯苓; 乾薑炮; 炙甘草
											","
											溫陽健脾，行氣利水。
											","
										
											
													
													脾腎陽虛，水氣內停之陰水。身半以下腫甚，手足不溫，口中不渴，胸腹脹滿，大便溏薄，舌苔白膩，脈沉弦而遲者。
													
												
												
											
										"
槐花散,https://sys02.lib.hkbu.edu.hk/cmfid/details.asp?query=&lang=cht&pageid=40&absolutePos=157&id=F00126,"
											槐花; 柏葉; 荊芥穗; 枳殼
											","
											清腸止血，疏風行氣。
											","
										
											
													
													風熱濕毒，壅遏腸道，損傷血絡證。便前出血，或便後出血，或糞中帶血，以及痔瘡出血，血色鮮紅或晦暗，舌紅苔黃脈數。
													
												
												
											
										"
滾痰丸,https://sys02.lib.hkbu.edu.hk/cmfid/details.asp?query=&lang=cht&pageid=40&absolutePos=158&id=F00170,"
											大黃; 黃芩; 礞石; 沉香
											","
											瀉火逐痰。
											","
										
											
													
													實熱老痰證。發為癲狂驚悸，或怔忡昏迷，或咳喘痰稠，或胸脘痞悶，或眩暈耳鳴，或繞項結核，或口眼蠕動，或不寐，或夢寐奇怪之狀，或骨節卒痛難以名狀，或噎息煩悶，大便秘結，舌苔黃厚，脈滑數有力。
													
												
												
											
										"
蒿芩清膽湯,https://sys02.lib.hkbu.edu.hk/cmfid/details.asp?query=&lang=cht&pageid=40&absolutePos=159&id=F00028,"
											青蒿腦; 淡竹茹; 仙半夏; 赤茯苓; 青子芩; 生枳殼; 陳廣皮; 碧玉散; 滑石; 甘草; 青黛
											","
											清膽利濕，和胃化痰。
											","
										
											
													
													少陽濕熱證。寒熱如瘧，寒輕熱重，口苦膈悶，吐酸苦水，或嘔黃涎而粘，甚則乾嘔呃逆，胸脅脹疼，小便黃少，舌紅苔白膩，間現雜色，脈數而右滑左弦者。
													
												
												
											
										"
酸棗仁湯,https://sys02.lib.hkbu.edu.hk/cmfid/details.asp?query=&lang=cht&pageid=40&absolutePos=160&id=F00097,"
											酸棗仁; 川芎; 甘草; 知母; 茯苓
											","
											養血安神，清熱除煩。
											","
										
											
													
													肝血不足，虛熱內擾證。虛煩失眠，心悸不安，頭目眩暈，咽乾口燥，舌紅，脈弦細。
													
												
												
											
										"
銀翹散,https://sys02.lib.hkbu.edu.hk/cmfid/details.asp?query=&lang=cht&pageid=41&absolutePos=161&id=F00008,"
											連翹; 金銀花; 桔梗; 薄荷; 竹葉; 甘草; 荊芥穗; 淡豆豉; 牛蒡子
											","
											辛涼透表，清熱解毒。
											","
										
											
													
													溫病初起。發熱，微惡風寒，無汗或有汗不暢，頭痛口渴，咳嗽咽痛，舌尖紅，苔薄白或薄黃，脈浮數。
													
												
												
											
										"
增液湯,https://sys02.lib.hkbu.edu.hk/cmfid/details.asp?query=&lang=cht&pageid=41&absolutePos=162&id=F00141,"
											玄參; 麥冬; 細生地
											","
											增液潤燥。
											","
										
											
													
													陽明溫病，津虧便秘證。大便秘結，口渴，舌乾紅，脈細數或沉而無力。
													
												
												
											
										"
豬苓湯,https://sys02.lib.hkbu.edu.hk/cmfid/details.asp?query=&lang=cht&pageid=41&absolutePos=163&id=F00156,"
											豬苓; 茯苓; 澤瀉; 阿膠; 滑石
											","
											利水養陰，清熱。
											","
										
											
													
													水熱互結證。小便不利，發熱，口渴欲飲，或心煩不寐，或兼有咳嗽、嘔惡、下利，舌紅苔白或微黃，脈細數。又治血淋，小便澀痛，點滴難出，小腹滿痛者。
													
												
												
											
										"
養陰清肺湯,https://sys02.lib.hkbu.edu.hk/cmfid/details.asp?query=&lang=cht&pageid=41&absolutePos=164&id=F00144,"
											大生地; 麥冬; 生甘草; 玄參; 貝母; 丹皮; 薄荷; 白芍
											","
											養陰清肺，解毒利咽。
											","
										
											
													
													白喉之陰虛燥熱證。喉間起白如腐，不易拭去，咽喉腫痛，初起或發熱或不發熱，鼻乾唇燥，或咳或不咳，呼吸有聲，似喘非喘，脈數無力或細數。
													
												
												
											
										"
導赤散,https://sys02.lib.hkbu.edu.hk/cmfid/details.asp?query=&lang=cht&pageid=42&absolutePos=165&id=F00042,"
											生地黃; 木通; 甘草梢
											","
											清心利水養陰。
											","
										
											
													
													心經火熱證。心胸煩熱，口舌生瘡，口渴面赤，意欲飲冷，或小便赤澀或刺痛，舌紅，脈數。
													
												
												
											
										"
橘皮竹茹湯,https://sys02.lib.hkbu.edu.hk/cmfid/details.asp?query=&lang=cht&pageid=42&absolutePos=166&id=F00113,"
											橘皮; 竹茹; 大棗; 生薑; 甘草; 人參
											","
											降逆止呃，益氣清熱。
											","
										
											
													
													胃虛有熱之呃逆。呃逆或乾嘔，虛煩少氣，口乾，舌紅嫩，脈虛數。
													
												
												
											
										"
獨活寄生湯,https://sys02.lib.hkbu.edu.hk/cmfid/details.asp?query=&lang=cht&pageid=42&absolutePos=167&id=F00164,"
											獨活; 桑寄生; 杜仲; 牛膝; 細辛; 秦艽; 茯苓; 肉桂心; 防風; 川芎; 人參; 甘草; 當歸; 芍藥; 乾地黃
											","
											祛風濕，止痹痛，益肝腎，補氣血。
											","
										
											
													
													痹證日久，肝腎兩虛，氣血不足證。腰膝疼痛、痿軟，肢節屈伸不利，或麻木不仁，畏寒喜溫，心悸氣短，舌淡苔白，脈細弱。
													
												
												
											
										"
龍膽瀉肝湯,https://sys02.lib.hkbu.edu.hk/cmfid/details.asp?query=&lang=cht&pageid=42&absolutePos=168&id=F00043,"
											龍膽草; 黃芩; 梔子; 澤瀉; 木通; 車前子; 當歸; 生地黃; 柴胡; 甘草
											","
											清泄肝膽實火，清利肝經濕熱。
											","
										
											
													
													1. 肝膽實火上炎證。頭痛目赤，脅痛，口苦，耳聾，耳腫，舌紅苔黃，脈弦數有力。2. 肝經濕熱下注證。陰部腫癢、潮濕有汗，小便淋濁，男子陽痿，婦女帶下黃臭，舌紅苔黃膩，脈弦滑而數。
													
												
												
											
										"
龜鹿二仙膠,https://sys02.lib.hkbu.edu.hk/cmfid/details.asp?query=&lang=cht&pageid=43&absolutePos=169&id=F00085,"
											鹿角; 龜版; 人參; 枸杞子
											","
											滋陰填精，益氣壯陽。
											","
										
											
													
													真元虛損，精血不足證。全身瘦削，陽痿遺精，兩目昏花，腰膝痠軟，久不孕育。
													
												
												
											
										"
濟川煎,https://sys02.lib.hkbu.edu.hk/cmfid/details.asp?query=&lang=cht&pageid=43&absolutePos=170&id=F00023,"
											當歸; 牛膝; 肉蓯蓉; 澤瀉; 升麻; 枳殼
											","
											溫腎益精，潤腸通便。
											","
										
											
													
													腎陽虛衰，精虧血少證。大便秘結，小便清長，腰膝酸軟，頭目眩暈，舌淡苔白，脈沉遲無力。
													
												
												
											
										"
歸脾湯,https://sys02.lib.hkbu.edu.hk/cmfid/details.asp?query=&lang=cht&pageid=43&absolutePos=171&id=F00075,"
											白朮; 當歸; 白茯苓; 黃芪; 遠志; 龍眼肉; 酸棗仁; 人參; 木香; 炙甘草
											","
											益氣補血，健脾養心。
											","
										
											
													
													1. 心脾氣血兩虛證。心悸怔仲，健忘失眠，盜汗虛熱，體倦食少，面色萎黃，舌淡，苔薄白，脈細弱。2. 脾不統血證。便血，皮下紫癜，婦女崩漏，月經超前，量多色淡，或淋漓不止，舌淡，脈細弱。
													
												
												
											
										"
瀉白散,https://sys02.lib.hkbu.edu.hk/cmfid/details.asp?query=&lang=cht&pageid=43&absolutePos=172&id=F00046,"
											地骨皮; 桑白皮; 炙甘草
											","
											清瀉肺熱，止咳平喘。
											","
										
											
													
													肺有喘咳證。氣喘咳嗽，皮膚蒸熱，日晡尤甚，舌紅苔黃，脈細數。
													
												
												
											
										"
鎮肝熄風湯,https://sys02.lib.hkbu.edu.hk/cmfid/details.asp?query=&lang=cht&pageid=44&absolutePos=173&id=F00135,"
											懷牛膝; 生赭石; 生龍骨; 生牡蠣; 生龜板; 生杭芍; 玄參; 天冬; 川楝子; 生麥芽; 茵陳; 甘草
											","
											鎮肝熄風，滋陰潛陽。
											","
										
											
													
													類中風。頭目眩暈，目脹耳鳴，腦部熱痛，面色如醉，心中煩熱；或時常噫氣；或肢體漸覺不利，口眼漸形歪斜；甚或眩暈顛仆，昏不知人，移時始醒，或醒後不能復元，脈弦長有力。
													
												
												
											
										"
蘇子降氣湯,https://sys02.lib.hkbu.edu.hk/cmfid/details.asp?query=&lang=cht&pageid=44&absolutePos=174&id=F00109,"
											紫蘇子; 半夏; 川當歸; 甘草爁; 前胡; 厚朴; 薑汁; 肉桂
											","
											降氣祛痰，平喘止咳。
											","
										
											
													
													上實下虛喘咳證。痰涎壅盛，胸膈滿悶，咳喘短氣，呼多吸少，或腰疼腳弱、肢體倦怠，或肢體浮腫，舌苔白滑或白膩，脈弦滑。
													
												
												
											
										"
蘇合香丸,https://sys02.lib.hkbu.edu.hk/cmfid/details.asp?query=&lang=cht&pageid=44&absolutePos=175&id=F00101,"
											蘇合香; 冰片; 乳香; 麝香; 安息香; 木香; 香附; 白檀香; 丁香; 沉香; 蓽茇; 白朮; 訶子皮; 朱砂; 犀角
											","
											芳香開竅，行氣止痛。
											","
										
											
													
													寒閉證。突然昏倒，牙關緊閉，不省人事，苔白，脈遲。亦治心腹卒痛，甚則昏厥屬於寒閉證者。
													
												
												
											
										"
鱉甲煎丸,https://sys02.lib.hkbu.edu.hk/cmfid/details.asp?query=&lang=cht&pageid=44&absolutePos=176&id=F00122,"
											鱉甲; 烏扇; 黃芩; 鼠婦; 乾薑; 大黃; 桂枝; 石韋; 厚朴; 紫葳; 阿膠; 柴胡; 蜣螂; 芍藥; 牡丹; 䗪蟲; 蜂窠; 赤硝; 桃仁; 瞿麥; 人參; 半夏; 葶藶
											","
											行氣活血，祛濕化痰，軟堅消癥。
											","
										
											
													
													瘧母、癥瘕。瘧疾日久不愈，脅下痞鞕 (或硬) 成塊，結成瘧母；以及癥瘕結於脅下，推之不移，腹中疼痛，肌肉消瘦，飲食減少，時有寒熱，女子月經閉止等。
													
												
												
											
										"
枳實消痞丸,https://sys02.lib.hkbu.edu.hk/cmfid/details.asp?query=&lang=cht&pageid=45&absolutePos=177&id=F00179,"
											乾薑; 炙甘草; 麥芽; 白茯苓; 白朮; 半夏; 人參; 炙厚朴; 枳實; 黃連
											","
											消痞除滿，健脾和胃。
											","
										
											
													
													脾虛氣滯，寒熱互結證。心下痞滿，不欲飲食，倦怠乏力，大便不暢，苔膩微黃，脈弦。
													
												
												
											
										"
枳實導滯丸,https://sys02.lib.hkbu.edu.hk/cmfid/details.asp?query=&lang=cht&pageid=45&absolutePos=178&id=F00177,"
											大黃; 枳實; 神曲; 茯苓; 黃芩; 黃連; 白朮; 澤瀉
											","
											消食導滯，清熱祛濕。
											","
										
											
													
													濕熱食積證。脘腹脹痛，下痢泄瀉，或大便秘結，小便短赤，舌苔黃膩，脈沉有力。
													
												
												
											
										"
枳實薤白桂枝湯,https://sys02.lib.hkbu.edu.hk/cmfid/details.asp?query=&lang=cht&pageid=45&absolutePos=179&id=F00103,"
											枳實; 厚朴; 薤白; 桂枝; 瓜蔞實
											","
											通陽散結，祛痰下氣。
											","
										
											
													
													胸陽不振，痰結氣逆之胸痹。胸滿而痛，甚或胸痛徹背，喘息咳唾，短氣，脅下氣逆上沖心胸，舌苔白膩，脈沉弦或緊。
													
												
												
											
										"
茯苓丸,https://sys02.lib.hkbu.edu.hk/cmfid/details.asp?query=&lang=cht&pageid=45&absolutePos=180&id=F00167,"
											茯苓; 枳殼; 半夏; 風化朴硝
											","
											燥濕行氣，軟堅化痰。
											","
										
											
													
													痰伏中脘，流注經絡證。兩臂痠痛或抽掣，不得上舉，或左右時復轉移，或兩手麻木，或四肢浮腫，舌苔白膩，脈沉細或弦滑。
													
												
												
											
										"
萆薢分清散,https://sys02.lib.hkbu.edu.hk/cmfid/details.asp?query=&lang=cht&pageid=46&absolutePos=181&id=F00162,"
											益智; 川萆薢; 石菖蒲; 烏藥
											","
											溫腎利濕，分清化濁。
											","
										
											
													
													下焦虛寒之膏淋、白濁。小便頻數，渾濁不清，白如米泔，凝如膏糊，舌淡苔白，脈沉。
													
												
												
											
										"
藿香正氣散,https://sys02.lib.hkbu.edu.hk/cmfid/details.asp?query=&lang=cht&pageid=46&absolutePos=182&id=F00147,"
											大腹皮; 白芷; 紫蘇; 茯苓; 半夏; 白朮; 陳皮; 厚朴; 苦桔梗; 藿香; 炙甘草
											","
											解表化濕，理氣和中。
											","
										
											
													
													外感風寒，內傷濕滯證。惡寒發熱，頭痛，胸膈滿悶，脘腹疼痛，噁心嘔吐，腸鳴泄瀉，舌苔白膩，以及山嵐瘴瘧等。
													
												
												
											
										"